INSERT INTO `GameBlockbuster`.`Vendedor` (`ID`, `Nome`) VALUES
  (1, 'João Silva'),
  (2, 'Ana Santos'),
  (3, 'Pedro Costa'),
  (4, 'Sara Ferreira'),
  (5, 'Miguel Oliveira'),
  (6, 'Mariana Rodrigues'),
  (7, 'Tiago Pereira'),
  (8, 'Carolina Almeida'),
  (9, 'Ricardo Santos'),
  (10, 'Inês Costa'),
  (11, 'André Fernandes'),
  (12, 'Marta Sousa'),
  (13, 'António Silva'),
  (14, 'Beatriz Cardoso'),
  (15, 'Hugo Ribeiro'),
  (16, 'Anti-Inquéritos');

INSERT INTO `GameBlockbuster`.`Jogo` (`ID`, `Valor_De_Aluguer`, `Critics_Score`, `Pedidos_De_Aluguer`, `Plataforma_De_Lançamento`, `Nome`, `Data_Lançamento`, `Sinopse`, `Unidades_Em_Stock`) VALUES
  (1, 4.99, '90', 50, 'PlayStation 4', 'The Last of Us Part II', '2020-06-19', 'Na sequência do primeiro jogo, Ellie e Joel continuam a lutar pela sobrevivência num mundo pós-apocalíptico infestado por zombies.', '20'),
  (2, 3.49, '88', 30, 'Xbox One', 'Gears 5', '2019-09-10', 'No papel de Kait Diaz, embarca numa jornada épica para descobrir a origem dos inimigos e revela a verdadeira ameaça para Sera.', '15'),
  (3, 2.99, '92', 45, 'Nintendo Switch', 'The Legend of Zelda: Breath of the Wild', '2017-03-03', 'Explora um vasto mundo aberto cheio de mistérios e aventuras enquanto tentas salvar a Princesa Zelda e derrotar Ganon.', '10'),
  (4, 5.99, '87', 40, 'PlayStation 5', 'Marvel''s Spider-Man: Miles Morales', '2020-11-12', 'Assume o papel de Miles Morales e protege a cidade de Nova Iorque como o novo Spider-Man.', '5'),
  (5, 1.99, '85', 20, 'PC', 'The Witcher 3: Wild Hunt', '2015-05-19', 'Entra no mundo de Geralt of Rivia e embarca numa aventura épica de caça a monstros e descoberta de segredos.', '25'),
  (6, 4.49, '89', 35, 'Xbox Series X', 'Halo Infinite', '2021-12-08', 'Retorna ao universo de Halo e enfrenta um novo desafio como o Master Chief contra os forças do Covenant.', '12'),
  (7, 3.99, '93', 55, 'PlayStation 5', 'Ratchet & Clank: Rift Apart', '2021-06-11', 'Viaja por diferentes dimensões com Ratchet e Clank, explorando mundos incríveis e enfrentando inimigos perigosos.', '18'),
  (8, 2.49, '86', 25, 'Nintendo Switch', 'Super Mario Odyssey', '2017-10-27', 'Acompanha Mario numa aventura por vários reinos para salvar a Princesa Peach das garras do maligno Bowser.', '7'),
  (9, 4.99, '90', 40, 'PlayStation 4', 'God of War', '2018-04-20', 'Segue a jornada de Kratos, o deus da guerra, num mundo nórdico brutal enquanto enfrenta criaturas mitológicas e descobre segredos familiares.', '10'),
  (10, 3.29, '88', 30, 'Xbox One', 'Red Dead Redemption 2', '2018-10-26', 'Vive a vida de um fora da lei no Velho Oeste e embarca numa história épica de caça a recompensas e sobrevivência.', '20'),
  (11, 2.99, '91', 35, 'PC', 'Cyberpunk 2077', '2020-12-10', 'Explora a cidade futurista de Night City neste RPG de ação, onde escolhas e consequências moldam o teu destino.', '15'),
  (12, 4.99, '87', 30, 'Nintendo Switch', 'Animal Crossing: New Horizons', '2020-03-20', 'Cria a tua própria ilha paradisíaca, interage com os teus vizinhos animais e desfruta da tranquilidade desta experiência única.', '8'),
  (13, 1.99, '84', 15, 'PlayStation 4', 'Uncharted 4: A Thief''s End', '2016-05-10', 'Acompanha Nathan Drake na sua última aventura, repleta de tesouros perdidos, tiroteios emocionantes e segredos sombrios.', '5'),
  (14, 5.99, '93', 50, 'Xbox Series X', 'Fable', '2022-10-31', 'Volta a Albion nesta reimaginação do clássico jogo de RPG, onde as tuas escolhas moldam o mundo e a tua jornada heróica.', '10'),
  (15, 2.99, '89', 25, 'PC', 'Fallout 4', '2015-11-10', 'Explora a devastada Wasteland de Boston neste RPG de ação pós-apocalíptico, onde cada decisão tem consequências duradouras.', '10'),
  (16, 6.99, '70', 1, 'Nintendo GameCube', 'Sonic Heroes', '2003-12-30', 'Rail Canyon Sucks', 100);

INSERT INTO `GameBlockbuster`.`Cliente` (`Num_telem`, `Nome`, `Idade`, `NIF`) VALUES
  (912345678, 'Marta Costa', 28, '123456789'),
  (933333333, 'Ricardo Santos', 35, '987654321'),
  (966666666, 'Ana Rodrigues', 22, '456789123'),
  (911111111, 'Pedro Almeida', 31, '789123456'),
  (922222222, 'Sofia Pereira', 27, '654321987'),
  (933456789, 'João Silva', 33, '123789456'),
  (966123456, 'Carolina Sousa', 26, '987321654'),
  (911234567, 'André Santos', 29, '456987123'),
  (922345678, 'Inês Costa', 24, '789456321'),
  (934567890, 'Hugo Martins', 32, '654123987'),
  (966789012, 'Mariana Ferreira', 30, '321456789'),
  (933214567, 'Rui Oliveira', 36, '987123456'),
  (911345678, 'Beatriz Cardoso', 23, '456321987'),
  (922456789, 'Diogo Gonçalves', 27, '789654321'),
  (934678901, 'Cláudia Silva', 31, '654987123');
  
INSERT INTO `GameBlockbuster`.`Inquerito` (`ID`, `Jogo_que_quer_jogar`, `Jogo_que_mais_jogou`, `Jogo_que_menos_jogou`, `Vendedor_ID`, `Cliente_NIF`) VALUES
  (1, 2, 5, 3, 1, '123456789'),
  (2, 1, 4, 2, 3, '987654321'),
  (3, 3, 2, 1, 2, '456789123'),
  (4, 5, 1, 4, 4, '789123456'),
  (5, 4, 3, 5, 5, '654321987'),
  (6, 7, 6, 8, 6, '789123456'),
  (7, 10, 12, 9, 7, '654321987'),
  (8, 12, 10, 11, 8, '123789456'),
  (9, 9, 13, 14, 9, '987321654'),
  (10, 14, 8, 15, 10, '456987123'),
  (11, 11, 15, 13, 11, '789456321'),
  (12, 6, 11, 12, 12, '321456789'),
  (13, 3, 14, 10, 13, '456321987'),
  (14, 5, 1, 7, 14, '789654321'),
  (15, 8, 3, 6, 15, '654987123'),
  (16,1,5,3,4,'789123456');

INSERT INTO GameBlockbuster.AluguerCab (ID, PrecoTotal, Periodo_Aluguer, data, Cliente_NIF, Vendedor_ID, Metodo_Pagamento) VALUES
(1, 14.99, 3, '2023-05-01', '123456789', 1, 'Cartão de crédito'),
(2, 10.49, 2, '2023-05-02', '987654321', 2, 'Dinheiro'),
(3, 8.99, 2, '2023-05-03', '456789123', 3, 'Cartão de débito'),
(4, 19.99, 5, '2023-05-04', '789123456', 4, 'Transferência bancária'),
(5, 6.99, 1, '2023-05-05', '654321987', 5, 'Cartão de crédito'),
(6, 12.99, 3, '2023-05-06', '789123456', 6, 'Dinheiro'),
(7, 9.99, 2, '2023-05-07', '654321987', 7, 'Cartão de débito'),
(8, 16.99, 4, '2023-05-08', '123789456', 8, 'Transferência bancária'),
(9, 13.99, 3, '2023-05-09', '987321654', 9, 'Cartão de crédito'),
(10, 8.49, 2, '2023-05-10', '456987123', 10, 'Dinheiro'),
(11, 11.99, 3, '2023-05-11', '789456321', 11, 'Cartão de débito'),
(12, 18.99, 4, '2023-05-12', '321456789', 12, 'Transferência bancária'),
(13, 9.99, 2, '2023-05-13', '456321987', 13, 'Cartão de crédito'),
(14, 14.99, 3, '2023-05-14', '789654321', 14, 'Dinheiro'),
(15, 6.58, 1, '2023-05-15', '987321654', 15, 'Transferência bancária'),
(16, 12.99, 3, '2023-07-03', '987321654', 6, 'Transferência bancária');

INSERT INTO `GameBlockbuster`.`AluguerLinhas` (`Quantidade`, `PrecoUnit`, `PrecoTotal`, `AluguerCab_ID`, `Jogo_ID`) VALUES
  (2, 4.99, 9.98, 1, 1),
  (1, 3.49, 3.49, 1, 2),
  (3, 2.99, 8.97, 2, 3),
  (2, 5.99, 11.98, 3, 4),
  (1, 1.99, 1.99, 4, 5),
  (3, 4.49, 13.47, 5, 6),
  (2, 3.99, 7.98, 6, 7),
  (1, 2.49, 2.49, 7, 8),
  (3, 4.99, 14.97, 8, 9),
  (2, 3.29, 6.58, 9, 10),
  (1, 2.99, 2.99, 10, 11),
  (3, 4.99, 14.97, 11, 12),
  (2, 1.99, 3.98, 12, 13),
  (1, 5.99, 5.99, 13, 14),
  (3, 2.99, 8.97, 14, 15),
  (2,3.29,6.58,15,10);

